id,name,email,phone
1021,Cale Harvey,cale.harvey92@madelynn.net,1-609-651-2844 x55400
39533,Sage Heidenreich,sage32@maude.biz,298-765-5080 x66239
50251,Kaylee Gutmann,kaylee80@devin.biz,590.416.9525 x686
53247,Marjorie Lemke,marjorie.lemke21@laura.com,(954) 217-6613 x3188
23593,Electa Goodwin,electa.goodwin@ines.biz,208.535.8264
97847,Gabe Howell,gabe64@arnoldo.com,502.748.4539 x9071
52631,Colleen Blick,colleen_blick40@ettie.org,1-814-378-7297 x672
39414,Selmer Hand,selmer.hand98@ursula.name,1-762-242-5509 x54982
30420,Lori Bernier,lori.bernier@hudson.biz,(766) 476-0816 x002
34836,Sigrid Blanda,sigrid.blanda@weston.net,(835) 371-4222
46834,Jesus Runolfsdottir,jesus37@raina.biz,1-342-839-9369
18246,Arthur Nicolas,arthur18@conrad.com,750-621-5787 x44405
46009,Kenny Casper,kenny_casper@eliseo.name,1-351-794-7409
45324,Terry Jacobs,terry_jacobs82@ole.com,(330) 907-9259
13052,Sophia Moen,sophia_moen48@olaf.net,459-584-9809 x453
94665,Yadira Wunsch,yadira_wunsch95@favian.biz,(694) 921-3408 x237
15710,Cielo Gleichner,cielo_gleichner49@kaley.net,1-810-909-8138 x6947
62378,Conrad Wehner,conrad_wehner33@jaylon.info,674-633-7291 x61991
36178,Julia Rosenbaum,julia_rosenbaum73@renee.net,952.898.5156 x7372
36417,Clare Beatty,clare24@braeden.name,1-842-255-6091
427,Torrey Bernier,torrey.bernier@rylan.net,(723) 738-5183 x3294
17189,Cooper Steuber,cooper.steuber37@amina.net,1-840-507-5993
35513,Elbert Lueilwitz,elbert49@levi.biz,(512) 242-7337
53164,Maxime Gleichner,maxime.gleichner64@ramon.name,1-497-643-3999 x61599
25812,Lia Jacobson,lia40@zachariah.net,(300) 371-8140 x877
80206,Jamey Wilderman,jamey.wilderman@brain.name,1-566-953-5513 x89089
97656,Hunter Pfannerstill,hunter_pfannerstill53@kurt.com,824-278-8774 x611
27706,Madelynn Marks,madelynn_marks48@alexandro.name,826-742-7502 x7080
12858,Rebeka Kilback,rebeka46@garth.info,277.501.8663 x802
8327,Maddison Reynolds,maddison.reynolds65@clovis.com,842-355-7440 x1265
35254,Noemie Harris,noemie91@marilyne.biz,904-995-3383 x3166
98274,Amira Jenkins,amira.jenkins@valentin.org,329-297-6458
89060,Nelle Moore,nelle.moore75@jessy.info,1-972-372-0426 x86021
59877,Izaiah Kerluke,izaiah_kerluke@meredith.org,915-748-6595
69925,Gerard Cruickshank,gerard90@margaretta.org,839-466-1272
78319,Sophia Armstrong,sophia_armstrong@priscilla.net,740.731.4742
21747,Marianna VonRueden,marianna.vonrueden18@leta.info,1-905-276-7555
85522,Marco Koepp,marco31@cassandre.org,(213) 784-5766 x4671
58747,Felton Will,felton.will@heloise.com,241.681.6413 x772
55438,Taryn Barton,taryn16@bessie.com,361.810.8210
25004,Cruz Lang,cruz_lang@mia.org,968.380.4453 x6435
82637,Eric Larson,eric_larson@bettye.com,695-812-1836
94549,Edmond Bernhard,edmond44@magali.biz,(279) 913-3859
47885,Corrine Kreiger,corrine_kreiger@kattie.net,(607) 633-1448
8884,Kylie Kub,kylie_kub33@aiden.org,407.484.7222 x4298
58512,Margot Gleichner,margot.gleichner@arno.org,1-459-880-9698 x69411
25597,Cecelia Williamson,cecelia73@ima.name,752.653.2730
11405,Dejuan Schultz,dejuan.schultz@gregoria.com,309.272.9386 x369
98238,Geovany Abshire,geovany.abshire@zion.name,1-491-327-9848
58775,Bertha Kiehn,bertha.kiehn52@sibyl.name,(967) 607-5660 x3996
37585,Craig Veum,craig_veum99@nicholas.name,1-735-200-9480 x002
62360,Rico Metz,rico_metz62@zechariah.com,(200) 546-7662 x2473
77350,Abner Feest,abner52@hillard.com,(755) 292-4681 x66775
28737,Genesis Ankunding,genesis_ankunding58@monroe.net,948.408.3595 x51164
95387,Susana Bode,susana.bode1@simone.info,518.332.0153 x420
68489,Jettie Langosh,jettie_langosh@sharon.com,410.408.1703
45872,Clara Hand,clara16@percival.net,(576) 717-1129 x31090
23244,Jamison Hodkiewicz,jamison.hodkiewicz@lucius.info,685.630.3514
35647,Price Parisian,price.parisian36@silas.org,(547) 577-3826 x006
77721,Sophie Kihn,sophie91@edison.info,(857) 454-3446 x949
28229,Caesar Streich,caesar.streich84@kayli.org,(241) 832-2485
17701,Stewart Keeling,stewart0@kobe.com,1-843-291-7325 x4481
56323,Shemar Satterfield,shemar13@betsy.org,1-600-377-7725
3378,Deon Mraz,deon.mraz@shaniya.org,(252) 455-9112 x978
88080,Judy Breitenberg,judy_breitenberg4@leonor.org,476.293.4472 x41088
57733,Nola Dietrich,nola82@santos.info,418-544-5418 x9680
74540,Clara Ankunding,clara4@jorge.info,239.327.1573 x4530
46885,Stefanie Cormier,stefanie_cormier@sierra.net,579.488.4825 x4374
4957,Hoyt Stiedemann,hoyt.stiedemann@olaf.net,(468) 626-1713 x83360
27239,Logan Muller,logan_muller@lance.name,1-582-549-0423
35935,Molly Koepp,molly.koepp@sheila.org,(592) 402-1178
27943,Marianna Yost,marianna_yost50@arlene.biz,1-930-335-0116 x7419
35601,Emery Champlin,emery23@jamir.org,758.574.0056
89806,Tatyana Mayert,tatyana_mayert60@jailyn.com,1-592-791-4240
43560,Ophelia Zemlak,ophelia.zemlak99@derek.info,760.224.6328 x865
8945,Garnett Fritsch,garnett5@rebeca.net,(952) 236-1995
25418,Katelynn Lowe,katelynn26@aric.org,1-659-478-5734
12061,Georgiana Howell,georgiana35@dane.net,971-639-0196 x10851
34524,Edison Jacobs,edison54@keara.info,577.986.1722
60444,Pearline Heidenreich,pearline_heidenreich@ivory.com,845-993-3928
83469,Jerry Trantow,jerry93@virgil.name,1-888-513-0389 x367
77671,Cecelia Keeling,cecelia81@shakira.info,401-528-9274 x32711
35695,Lavern Will,lavern.will19@makenna.org,426-620-0865 x48745
65203,Zelma Hauck,zelma.hauck@cathy.org,(275) 703-8993
64548,Tatyana Jenkins,tatyana.jenkins@kirstin.biz,215.835.2982 x705
61794,Zelma Willms,zelma.willms0@king.com,489-241-1201 x657
51596,Rogelio Robel,rogelio74@thora.name,650.761.9766 x2451
47554,Pasquale Weber,pasquale.weber@alvera.com,345-370-2113
29482,Teagan Huel,teagan_huel@americo.biz,(816) 547-7363
65823,Kristin Blick,kristin44@sydnie.org,1-847-604-9628
1029,Stefanie Orn,stefanie.orn37@brooklyn.net,706-733-8659 x86420
12068,Jarrett Rowe,jarrett_rowe@sonny.net,647-692-2542 x88821
7625,Elise Wilderman,elise.wilderman37@thomas.com,1-928-782-3002
98321,Allan Harris,allan_harris38@casimer.net,1-880-410-4737 x83983
20657,Oren Kemmer,oren_kemmer@garret.org,561-292-0078 x1212
1550,Ernestine Jakubowski,ernestine_jakubowski@kacie.net,(264) 802-2504 x215
24755,Nikki Schuppe,nikki85@delbert.org,(434) 284-9825
65000,Evelyn Senger,evelyn.senger66@rae.name,(589) 614-1768
66529,Buster Kreiger,buster5@rupert.org,(600) 789-8605 x33428
30909,Israel Will,israel_will@jovan.name,1-452-859-3772
29976,Waldo Gibson,waldo.gibson@lawrence.biz,625.209.2241 x932
72098,Aglae Leannon,aglae_leannon@shirley.name,1-605-267-0669 x97405
70682,Carmela Ryan,carmela_ryan39@crystel.org,796-438-9731 x39966
33389,Mandy Hermiston,mandy_hermiston@lilliana.biz,1-473-204-3965 x825
56193,Abigayle Labadie,abigayle.labadie@claudine.name,1-877-431-8521
42442,Sean Jenkins,sean21@zakary.info,294-372-6811 x0179
85179,Anastacio Price,anastacio_price@birdie.org,224-405-0918
22871,Tavares Kovacek,tavares22@ryley.biz,689-954-5699 x13858
6476,Joanie Conroy,joanie67@hazle.net,624-969-9365 x833
18984,Brendan Dicki,brendan.dicki0@sterling.name,419-512-6714 x370
20304,Marquise Quitzon,marquise96@samantha.org,(939) 210-0401 x1369
80144,Willow Torp,willow.torp@ruben.net,469.953.5977 x3935
38168,Araceli Okuneva,araceli.okuneva@jadyn.net,1-352-931-8951
10555,King Breitenberg,king0@eileen.biz,(409) 945-3963 x3974
20794,Jacynthe Gerhold,jacynthe22@eddie.com,1-471-350-3028
84473,Ethan Witting,ethan26@maxie.name,351.924.7035 x167
31495,Lesley Smitham,lesley_smitham@dayton.biz,599.985.9616 x5578
32733,Reid McGlynn,reid.mcglynn@morgan.org,1-876-502-5091
16350,Orlando Upton,orlando9@jeromy.info,1-832-278-8369 x114
91100,Rickey Klocko,rickey.klocko63@laron.name,826.667.2215
96706,Verna Hansen,verna.hansen@zola.org,920-400-7990
31952,Mellie Wisozk,mellie_wisozk@daphne.info,(952) 217-2639 x796
68203,Nia Kilback,nia.kilback19@laurence.biz,403-348-5027 x1189
21939,Evalyn Schimmel,evalyn_schimmel@aidan.info,895-257-8297 x206
71948,Delbert Tromp,delbert_tromp20@abelardo.net,1-919-259-9327
70012,Wilson Klocko,wilson.klocko@freeman.org,(750) 556-9060 x0224
55222,Amir Murazik,amir_murazik@ezekiel.org,(909) 706-3585 x75790
40550,Emie Stoltenberg,emie_stoltenberg@sigrid.info,1-901-917-2645
63815,Nigel Walsh,nigel_walsh9@carmel.com,1-502-718-4762
26415,Araceli Howe,araceli.howe@ethelyn.net,(708) 838-5808 x4927
99059,Lavada Bayer,lavada.bayer38@nia.info,912.836.3745
27000,Violet Senger,violet60@candace.info,(889) 298-7325
60264,Lucy Braun,lucy_braun57@judy.name,1-213-999-1768
66549,Kayla Nader,kayla76@richmond.info,819.823.6593
5182,Katlyn Hartmann,katlyn36@filiberto.com,(416) 558-6623 x6671
81279,Amy Kemmer,amy67@assunta.info,(935) 395-1188 x70454
96735,Shaina Johnson,shaina7@benny.info,881.212.0280 x0507
57632,Webster Halvorson,webster.halvorson@brianne.com,1-586-298-0580
48145,Callie Lemke,callie72@gerry.info,(464) 675-6580 x827
36912,Aliza Turner,aliza.turner26@tristin.info,(900) 464-2790 x23584
40518,Celine Feeney,celine65@destini.com,577.555.2438
36566,Anabel Glover,anabel.glover55@jeff.biz,863.507.4409 x85188
60384,Tate Cummerata,tate_cummerata@niko.name,(799) 838-4786 x75945
37912,Daphne Hansen,daphne20@edwin.biz,379-333-3145
14390,Juanita Wolf,juanita.wolf@devon.name,(659) 327-1321 x06984
86163,Edwin Frami,edwin_frami5@kaitlyn.name,1-696-430-7160
22375,Rory Hettinger,rory.hettinger16@wendell.biz,(296) 718-3770
18361,Garrick Torphy,garrick_torphy87@bertrand.biz,1-305-727-3333 x0486
85396,Wilson Veum,wilson_veum@janick.name,796.935.1359 x1727
55813,Deangelo Barton,deangelo_barton@ariel.info,489.914.6834 x651
65415,Carlos Swift,carlos_swift@dorcas.biz,1-482-264-8934 x959
28647,Kadin Johnson,kadin_johnson77@marjolaine.com,1-260-452-2391
10131,Jazmin Grant,jazmin_grant@emilia.biz,627-884-6524 x773
49797,Zena Schuppe,zena88@lizzie.name,536-674-7122
12162,Itzel Gutmann,itzel79@ole.com,434-439-8841 x768
95234,Lue Bins,lue.bins@bertram.name,1-321-575-9743
60713,Landen Zboncak,landen.zboncak82@otha.com,(777) 373-7698 x9494
5464,Lucas Olson,lucas79@darius.org,1-779-503-9951
94950,Natalie Mitchell,natalie_mitchell@fae.name,1-575-539-4230 x56437
99314,Keagan Marks,keagan.marks@sam.biz,954-464-5844
17200,Stevie Ruecker,stevie.ruecker25@josiane.net,1-407-823-6147 x58978
87393,Liza Abshire,liza79@stephany.org,(941) 479-2085 x305
41573,Justice Doyle,justice_doyle42@coralie.net,416.264.5320 x54004
72091,Diana Lynch,diana_lynch84@shaun.org,495.856.7486 x79225
87796,Gilberto Wiza,gilberto_wiza@emerald.net,(742) 686-4490 x337
23913,Roxane Kassulke,roxane_kassulke@curt.com,745-914-0040
69669,Ignatius Gutmann,ignatius.gutmann82@melyssa.info,225.870.8891 x29210
13365,Rosetta Halvorson,rosetta_halvorson97@bettie.biz,617.246.7998 x279
8251,Michele Leuschke,michele79@hal.info,840.275.6888 x994
89860,Vincenza Weimann,vincenza40@kole.com,(210) 909-6985
56834,Nyah Hoppe,nyah.hoppe95@ila.biz,(292) 827-2485 x1349
85799,Florine Kovacek,florine_kovacek@dale.net,648.555.8566
95131,Rahul Schuppe,rahul_schuppe@robin.info,(733) 206-3730
39753,Trenton Turner,trenton.turner66@miguel.name,1-684-570-8616 x7666
436,Henriette Pfannerstill,henriette58@burley.com,302-374-2220
72610,Jamir Schneider,jamir.schneider63@wilhelmine.org,642.611.1707 x7312
33661,Pearlie Kutch,pearlie.kutch8@marlene.info,724-961-5177 x12186
15558,Marquis Hilpert,marquis.hilpert@bulah.info,372.584.0618 x5808
5451,Nash Wunsch,nash36@elmo.name,444-299-4300
80578,Aniya Feeney,aniya59@ed.name,778-594-4207 x8300
55805,Westley Ratke,westley52@pascale.com,(597) 637-3140
72558,Anthony McDermott,anthony6@domenico.net,770.866.1741 x89319
84224,Friedrich Halvorson,friedrich72@kennith.biz,(236) 276-8950 x498
89516,Jordon Baumbach,jordon57@jess.net,1-579-356-1666 x817
16555,Samantha Boyer,samantha24@elmer.net,1-426-373-7481 x2015
97378,Madelynn Ankunding,madelynn_ankunding16@mustafa.org,1-775-509-4189 x79381
81363,Lesley Marvin,lesley33@santina.net,769-628-0622
73032,Zane Fritsch,zane94@darien.name,1-554-277-8924 x256
3063,Cristal Powlowski,cristal_powlowski@demario.net,925.733.8891
77860,Stefan Wyman,stefan_wyman@dasia.info,(354) 549-0800
43362,Sonny Mitchell,sonny_mitchell60@rose.net,1-619-794-3203
79670,Samara Orn,samara50@ernest.com,(615) 444-3786 x24945
23056,Mckayla Weimann,mckayla.weimann87@richard.com,493-731-7141 x0219
63752,Aylin Rolfson,aylin.rolfson39@brooklyn.org,(668) 845-0940 x269
73500,Betsy McKenzie,betsy.mckenzie1@maida.net,(581) 741-9306 x02069
59183,Mckenna Quigley,mckenna55@jaquelin.info,1-800-752-0259 x55140
49852,Karen Beahan,karen.beahan@erin.biz,(611) 609-5808 x736
57091,Garrick Grant,garrick.grant98@keira.org,(260) 266-3896 x4969
79701,Vivienne Koelpin,vivienne45@lue.net,1-727-932-0263
54707,Judge Schiller,judge.schiller21@cristian.org,843.863.9545 x86232
2067,Terence Muller,terence0@blaze.info,483-990-8350 x90173
17256,Elnora Murazik,elnora_murazik5@nola.info,1-436-329-8842 x19036
84782,Kitty Hudson,kitty.hudson16@paula.net,1-601-460-1283
52108,Janet Witting,janet65@elenor.name,562.982.9255 x81727
52624,Zoe O'Hara,zoe92@amari.name,1-201-217-0940 x990
41721,Francisca Keeling,francisca30@audrey.info,1-260-684-2181 x00507
74699,Deon Frami,deon.frami10@jaqueline.info,342-792-7733
65320,Roderick Simonis,roderick_simonis79@eunice.com,1-804-392-0783
60139,Joaquin Gottlieb,joaquin_gottlieb99@haylie.com,256-509-9764
1630,Evans Hirthe,evans.hirthe73@edwin.biz,1-406-895-6184
62579,Roel Sawayn,roel_sawayn@jada.com,(636) 311-9072 x03382
63660,Dane Schulist,dane93@dorthy.com,968-970-1787
89478,Dennis Padberg,dennis.padberg@kaylee.org,(568) 579-5174 x33193
28836,Sigrid Halvorson,sigrid35@bertram.net,(945) 626-6876
48070,Aric Bosco,aric.bosco26@savannah.biz,221.444.3780
44698,Natasha Dickens,natasha16@abraham.com,262-927-3550
8646,Summer Buckridge,summer43@arnaldo.net,863.953.9371 x48274
1142,Christ VonRueden,christ.vonrueden67@genoveva.info,1-353-491-3856 x60724
18160,Duncan Dietrich,duncan.dietrich21@maurice.org,510-347-1235 x271
11672,Arely Koch,arely.koch61@edwin.org,1-641-219-6971
1672,Shanelle Grant,shanelle.grant41@elvie.biz,427.465.6560 x52673
51122,Viviane Botsford,viviane_botsford16@zachary.org,1-589-229-2642 x9572
28031,Maria Tromp,maria.tromp@mozell.info,1-767-271-8360
47059,Myles Spencer,myles.spencer@norval.name,448-214-6195
26713,Ciara Batz,ciara2@humberto.net,766.801.0909
87898,Kevin Bayer,kevin_bayer@kristina.info,1-657-224-6757
23656,Josue Hirthe,josue_hirthe8@mona.name,473.532.9152 x375
9749,Paolo Smitham,paolo.smitham@judy.info,1-303-831-0267 x25757
15702,Magnolia Jast,magnolia.jast31@laura.com,1-423-721-8617
16179,Nadia Heidenreich,nadia.heidenreich15@ruthie.biz,1-938-381-6969 x347
6346,Brandt Jast,brandt.jast97@erich.com,659-965-3752 x636
17435,Carson Breitenberg,carson.breitenberg@melany.name,1-374-773-9291 x5943
88082,Natalia Howell,natalia32@ally.info,849.748.9746 x57674
27797,Madie Mitchell,madie64@jennyfer.info,797.685.1460
72451,Joshua Kautzer,joshua_kautzer@gayle.org,1-964-342-3562 x635
89184,Carlotta Dietrich,carlotta66@ruthie.net,1-509-687-1578 x54547
23536,Katelyn Becker,katelyn_becker83@garrick.biz,(352) 678-2206
9184,Darien Kozey,darien23@arvel.info,(698) 673-1439
28719,Sven Heaney,sven2@cletus.net,527-244-8138 x39414
43177,Raleigh Thiel,raleigh.thiel61@christopher.net,(931) 671-8006 x0803
61995,Kaelyn Kassulke,kaelyn34@millie.biz,374-831-9252
88795,Onie Huels,onie_huels78@yvette.info,288.242.2595 x8759
75577,Zoila Gleason,zoila.gleason6@aubrey.com,819.578.3583
39781,Roslyn Smitham,roslyn.smitham@wilbert.name,(953) 754-0809
82535,Lavada Bins,lavada_bins91@madisen.name,679-877-4298 x0091
49196,Ed Kulas,ed_kulas73@shanelle.org,951.650.7902 x1373
7689,Nasir Weimann,nasir_weimann45@ubaldo.biz,964-624-8905 x0791
78516,Holly Schroeder,holly_schroeder@prudence.info,896-799-2787
3220,Lorenz Cremin,lorenz_cremin47@pamela.net,393.266.5998
9474,Haleigh Carroll,haleigh_carroll15@sincere.info,701-696-2213
90977,Jasper Schmeler,jasper19@marguerite.org,203-853-9881
20553,Charlotte Adams,charlotte.adams62@makenzie.biz,1-474-871-2772
53793,Esteban Morar,esteban.morar@janelle.info,746.350.1071 x117
97589,Madonna Lueilwitz,madonna.lueilwitz39@kellen.info,(292) 403-7204 x87781
45813,Sabina Pouros,sabina_pouros71@josephine.info,(237) 371-9738 x6391
96095,Florence Donnelly,florence6@roman.name,1-556-559-9115 x1966
96598,Annabel Jaskolski,annabel_jaskolski44@filiberto.name,(315) 426-2923 x87764
76724,Natasha Hills,natasha.hills@lester.com,1-366-242-3627 x859
88956,Shakira Howe,shakira13@ashlee.name,1-819-718-8920
31519,Trevor Dooley,trevor_dooley54@lon.net,(609) 769-3484
85578,Beau Gerhold,beau_gerhold@verner.info,406.581.0348
55909,Santa Crooks,santa.crooks@jarret.com,(683) 841-5833 x55135
89833,Lonie Herzog,lonie_herzog@francisco.com,833.979.8238
21638,Maia Moore,maia.moore@amina.name,202-680-5734 x434
82924,Olen Hermann,olen.hermann0@damien.org,1-966-520-2056
48422,Jaclyn Stracke,jaclyn.stracke33@ethel.com,1-830-819-7029 x323
44901,Urban Mitchell,urban_mitchell@antonietta.org,(651) 251-4142
21207,Grant Aufderhar,grant.aufderhar34@blaise.info,1-674-752-1030 x947
14054,Sophie Huels,sophie61@milton.com,738.987.4613 x7079
96987,Rita Lowe,rita_lowe24@tyra.biz,1-510-526-7522
75514,Alisha Bode,alisha_bode@madonna.info,1-212-306-0895 x542
7102,Jannie Mayer,jannie12@florencio.name,(887) 973-1976 x694
48371,Jeff Rath,jeff.rath22@deion.com,(805) 489-8561 x2759
42113,Tommie Macejkovic,tommie_macejkovic@jackie.com,330.445.0367 x7997
80880,Orland Goodwin,orland_goodwin57@dora.org,750.469.8187
86698,Helen Schamberger,helen.schamberger@beryl.info,(676) 493-3148
44318,Justus West,justus3@anika.com,982.769.2763 x24907
65073,Giovanny Ortiz,giovanny.ortiz43@isabelle.biz,505-429-7715 x2862
69878,Emery Bruen,emery82@isadore.net,318.930.1594 x5758
56511,Troy Klein,troy_klein@adrienne.com,(824) 438-7360
44325,Kaia McLaughlin,kaia93@graciela.biz,604.394.3715 x9711
29310,Kurtis White,kurtis_white41@maritza.net,616.581.0992 x20149
71556,Chyna Ferry,chyna.ferry93@malachi.com,773.633.6507
74592,Forrest Stanton,forrest23@haven.info,(228) 740-6226 x85237
83580,Antonina Rowe,antonina.rowe@zachery.biz,463-618-4090 x9981
18389,Meta Rutherford,meta25@tracy.biz,236.938.0500
15884,Gloria Heaney,gloria31@imogene.org,357-283-2745 x3661
64097,Kayley Erdman,kayley.erdman88@pablo.info,1-532-569-9875
57614,Adriana Boehm,adriana.boehm@mabel.net,225-356-4614
41369,Angela Turner,angela_turner@eva.net,1-723-622-6641 x160
59907,Noah Beatty,noah1@christiana.net,913.776.2836
66340,Percival Tremblay,percival53@lolita.biz,1-455-375-0753 x52213
26091,Connie Hackett,connie36@creola.org,370-488-8742 x64931
12190,Lysanne Schuster,lysanne_schuster@ned.info,(513) 665-0600 x74197
40268,Noah Schroeder,noah.schroeder@kamron.biz,1-277-846-5613 x573
67312,Prince Zieme,prince.zieme4@issac.name,1-460-317-7026
85014,Garry Harvey,garry.harvey61@theresia.name,947.554.8492 x80175
34079,Amanda Prohaska,amanda_prohaska12@major.org,(737) 243-6468 x867
42837,Wanda Johnson,wanda.johnson98@kayli.biz,(834) 712-7284
16971,Rhoda Schuppe,rhoda_schuppe67@maude.org,287.248.3548 x0008
67378,Modesta Boyle,modesta_boyle26@khalid.com,748.965.9626
87197,Manuel Kiehn,manuel94@sylvester.com,(619) 572-0801
70291,Sam Ratke,sam_ratke@noemi.biz,340.705.5362
14430,Emanuel Prosacco,emanuel.prosacco@lawrence.info,477-530-6517 x09354
40659,Carson Dach,carson.dach@deontae.org,(317) 690-1438 x59769
96751,Delpha Mann,delpha_mann@kevon.name,1-819-922-0167
97790,Lillian Raynor,lillian66@noemi.info,(572) 565-6787
96861,Jack Mohr,jack_mohr@moshe.info,606.810.7503 x6315
19299,Anastasia Haley,anastasia85@louie.org,776.964.7457 x058
77739,Rubie Walter,rubie.walter78@eladio.info,(819) 548-5814 x299
3373,Ken Spinka,ken14@marcelo.org,1-518-591-1067
93076,Chesley Miller,chesley24@deanna.name,1-208-938-7760
35649,Ellis Rolfson,ellis_rolfson74@kolby.info,1-237-247-2659 x6015
37588,Granville Koss,granville_koss75@rhiannon.org,564.878.1333 x52250
55851,Sigrid Roob,sigrid_roob@shanelle.com,471-540-4690 x8120
80382,Bernie Mayer,bernie_mayer@francesco.biz,830.996.9816 x451
80744,Dorothea Rohan,dorothea_rohan@darrion.info,796.338.1102 x9713
4409,Nyah Jast,nyah1@lucy.info,1-387-583-5540 x2481
45458,Tyree Hilll,tyree_hilll11@lorena.net,(755) 430-2359
93303,Eldon Greenfelder,eldon.greenfelder47@corrine.biz,1-852-260-1839 x974
53752,Shaylee Runte,shaylee.runte@merritt.org,948-340-9969 x75676
8284,Franz Glover,franz32@destinee.net,(242) 772-8781 x059
85868,Jaylin Murazik,jaylin.murazik@mathew.org,(526) 995-1056
69970,Cleveland Considine,cleveland.considine72@nicholas.org,1-420-203-8576
76880,Jess Adams,jess.adams66@gerry.net,1-585-479-2773 x86478
85591,Josianne Schmitt,josianne31@antonetta.name,439.371.2452 x8225
3833,Einar Robel,einar36@diego.com,318-626-1095 x322
33826,Grover Kunde,grover.kunde29@delilah.net,352.660.5128
95890,Micah O'Connell,micah_oconnell90@loy.info,1-477-281-9311 x52935
73219,Nikita Russel,nikita87@pinkie.name,1-731-365-9712 x9423
97260,Fanny Johns,fanny_johns@audreanne.com,208-982-9116 x177
5507,Titus Gorczany,titus21@eunice.org,364-300-7158 x5219
44475,Marlin Kub,marlin89@marcel.org,(890) 860-1809 x31080
13026,Alaina Pouros,alaina_pouros51@glennie.org,227.328.7291 x231
35865,Keira Jaskolski,keira_jaskolski@dewitt.com,417-689-6103 x11847
29152,Ludie Fritsch,ludie_fritsch@shaina.net,544.328.0424 x77356
40256,Thalia Abbott,thalia72@antonette.net,956.777.4776 x95029
79158,Maryjane Gerhold,maryjane0@greyson.org,221.217.3851
45140,Palma Mohr,palma_mohr89@koby.name,845-996-1045 x304
61234,Melissa Larkin,melissa_larkin72@summer.info,1-474-613-0724 x81743
53887,Marina Will,marina.will@stephany.com,392.550.7986
96931,Osbaldo Hoeger,osbaldo67@crystal.biz,416.717.8194 x9633
94179,Ambrose Hickle,ambrose_hickle12@talia.net,657.214.1995 x5827
11495,Theron Torphy,theron_torphy16@darwin.biz,1-456-584-0490 x060
33147,Nelson Will,nelson.will@kyra.org,(235) 722-9244 x9466
25877,Adriana Pagac,adriana29@cloyd.name,551.313.7260
97292,Deshawn Green,deshawn31@lewis.biz,(430) 808-0414
45295,Johnny Grant,johnny_grant38@josefa.info,1-765-912-9448
2226,Lucinda Gleichner,lucinda93@florida.com,977.905.4877
38440,Lavada Lowe,lavada51@wendell.info,610.563.9923 x62890
22069,Paris Macejkovic,paris_macejkovic@rosendo.org,1-261-716-3742
29008,Eloy Russel,eloy28@nelda.name,(302) 917-3636 x169
75054,Maci Reynolds,maci_reynolds@omer.biz,750.545.7644
18351,Jerome Weber,jerome.weber@marlon.net,1-563-396-8343 x803
75987,Marjolaine Schulist,marjolaine93@destiny.org,368-594-8980 x090
29019,Patience Will,patience93@darrin.net,1-213-845-6576
16798,Ophelia Rath,ophelia_rath97@rollin.net,(208) 285-5631
77470,Evans Borer,evans_borer@neva.name,838.705.6643 x01996
93005,Sebastian Padberg,sebastian_padberg@bria.info,766.311.7599 x71614
82754,Lula Mitchell,lula99@lue.com,890.905.0636 x19647
79841,Daphnee Cummings,daphnee.cummings@dulce.biz,1-760-279-8700 x9194
96107,Lisette Stracke,lisette_stracke80@shanon.biz,1-306-622-0334 x80267
40136,Darion Spinka,darion_spinka55@olin.name,204-995-3543 x927
67947,Alana Cummerata,alana95@alvera.org,475.929.2998
92482,Bart Thompson,bart_thompson@katlyn.org,204-765-4149
54777,Marie Upton,marie_upton@heather.name,(892) 968-0789
73518,Spencer Balistreri,spencer92@amani.com,524.511.7951
72812,Liam Ward,liam45@rosalyn.net,843.270.8829 x7316
48134,Drake Zboncak,drake.zboncak27@jacklyn.name,426.618.6968
30211,Adela Morissette,adela37@rasheed.biz,1-765-391-1298
94268,Mason Rowe,mason_rowe11@maryse.info,(276) 799-2061 x60109
89327,Caroline Heaney,caroline93@clemmie.org,(395) 847-0682
55569,Frieda Olson,frieda98@jorge.net,887-857-0935 x9324
79755,Maeve Bogan,maeve55@elaina.biz,414-682-9013 x0891
19571,Dalton Hintz,dalton_hintz@colton.net,710-468-9196
85777,Luna Johnson,luna.johnson99@sofia.org,1-866-344-3561
73290,Phyllis Fisher,phyllis.fisher@giuseppe.com,728-978-6124 x0142
79478,Annette Batz,annette13@jaron.net,735-904-0932
27484,Lloyd Hansen,lloyd12@judson.net,(877) 790-8517 x19611
97693,Amos O'Reilly,amos.oreilly97@lisette.org,(859) 448-0822 x03460
26796,Graham Littel,graham33@marilou.info,(376) 442-6542 x34015
61263,Bartholome Schultz,bartholome.schultz@margot.net,569.947.6250 x20890
56405,Boris Murphy,boris49@luz.name,1-825-428-8450 x37331
12943,Daron Skiles,daron_skiles@madonna.net,927-211-8256 x117
40889,Lacey Ernser,lacey.ernser61@demarco.net,(213) 665-9795 x07803
95606,Tiana King,tiana31@kara.info,1-932-345-0803 x220
76291,Merritt Gaylord,merritt_gaylord63@breanne.com,583-612-2634 x5939
94748,Carolyn Streich,carolyn_streich@maude.com,(525) 287-5210 x58085
68525,Russell Davis,russell.davis34@cayla.net,771.601.7311
46471,Kyle Reynolds,kyle85@amely.name,(825) 765-8478
74250,Norris Ziemann,norris.ziemann@zoila.net,(397) 711-5002
73838,Alva Boyle,alva10@pearl.net,283.723.5737 x2200
32735,Meghan Wiza,meghan_wiza@bette.com,343.907.8798
59617,Tara Breitenberg,tara.breitenberg65@rae.name,1-700-888-2309 x696
42517,Aleen Bashirian,aleen_bashirian@providenci.net,(707) 535-4874 x826
72771,Lizeth Lebsack,lizeth_lebsack30@orville.net,(787) 924-1811
22822,Paris Zboncak,paris39@anderson.info,232.877.5920
64323,Osbaldo Lesch,osbaldo_lesch96@rey.biz,(948) 600-7210
47941,Brielle Hodkiewicz,brielle12@callie.info,706.563.7216 x031
23038,Lela Nolan,lela13@darwin.com,(519) 751-2143
70688,Cora Hauck,cora48@vergie.info,560.443.7727 x010
95243,Adrienne Hagenes,adrienne.hagenes@adonis.name,266-711-7359 x748
62844,Peyton Lesch,peyton52@dillon.net,(937) 432-2144
6324,Jesse Cremin,jesse.cremin@alfred.org,397-580-8733
81319,Triston Weissnat,triston34@lenore.org,1-645-592-6025
48817,Brayan Murray,brayan_murray48@darian.net,1-831-680-6881
24325,Shaina Heidenreich,shaina.heidenreich56@danny.org,(581) 312-0043
58131,Rashawn Schuppe,rashawn_schuppe92@erich.name,1-753-581-8310 x1999
76137,Isom Schaefer,isom_schaefer49@jaime.biz,1-897-415-8636 x67304
45989,Keven Fadel,keven_fadel48@erwin.biz,1-629-967-6384 x1809
30200,Janick Lang,janick70@mariane.info,993.793.5417
84172,Kaley Dietrich,kaley.dietrich@haven.org,1-939-381-2676
2464,Aliza Denesik,aliza62@nicklaus.com,897.447.7304 x10883
50461,Jane Dicki,jane_dicki@reva.biz,(562) 557-4940
70543,Delpha Zieme,delpha72@zetta.info,1-584-454-4374 x13933
50963,Margaretta Okuneva,margaretta.okuneva19@granville.net,540.268.2735 x51432
71874,Brooklyn Carter,brooklyn95@matteo.net,336-344-9161 x0109
58650,Aracely Feest,aracely.feest58@brody.net,(586) 574-9409 x8312
18012,Freddie Halvorson,freddie_halvorson99@lyla.info,1-771-773-8017
99620,Nayeli Wisozk,nayeli.wisozk15@conner.net,420.228.3136
36934,Judah Sauer,judah85@aric.net,682.372.3843
87009,Natalia Howell,natalia.howell22@burley.net,783.531.3500 x5211
79344,Brisa Fisher,brisa.fisher83@phoebe.net,1-758-813-2727
94577,Katrina Hirthe,katrina_hirthe@araceli.biz,(352) 476-3148
46024,Carole King,carole90@leslie.biz,1-986-953-9931
50029,Caterina Schumm,caterina_schumm18@sebastian.info,1-338-875-6704 x5669
78758,Alena Wilderman,alena.wilderman75@lauretta.biz,(927) 260-7353
67998,Rusty Durgan,rusty_durgan@dawson.net,591.801.0449 x8722
41089,Nicholas Krajcik,nicholas.krajcik@lauren.net,498-598-3109 x985
74644,Jules Bradtke,jules3@reggie.info,269-725-0304 x50524
52484,Marcelino Monahan,marcelino.monahan@kenna.name,382.886.0762 x9840
45266,Anthony Corkery,anthony_corkery91@augustus.biz,322.781.1734
73598,Melissa Satterfield,melissa_satterfield94@crawford.biz,231.683.4595 x880
33557,Zoe Greenfelder,zoe7@carmine.org,306-946-9844 x3951
57208,Agustina Bogan,agustina_bogan@eladio.info,538-940-3629
23955,Rita Wunsch,rita.wunsch@floyd.net,666-992-8068
6013,Angelina Dickinson,angelina.dickinson@carlotta.info,(936) 853-0756 x05222
23279,Lamont Hackett,lamont_hackett13@savanna.org,268.499.9263 x95679
36129,Maude Wiegand,maude.wiegand@cali.name,(415) 512-4952
34753,Osborne Beier,osborne_beier67@adelbert.net,823.515.2705 x521
82354,Winifred Dibbert,winifred45@cyrus.org,559.476.9420
72149,Norene Fahey,norene_fahey16@burdette.com,1-703-939-0782
82246,Margaretta Blanda,margaretta56@genesis.org,454.857.5951
34713,Thad Heller,thad45@asia.net,977-968-3154 x30972
7192,Leanna McCullough,leanna24@bruce.org,(828) 963-2857 x9325
55030,Devan Reinger,devan_reinger@concepcion.biz,575-368-3972
16767,Nikolas Walsh,nikolas_walsh@melyna.net,474-625-5279
45514,Rosie Jakubowski,rosie_jakubowski18@summer.com,1-873-625-0301
88884,Jamie Dickens,jamie13@olaf.info,415.580.7107
49436,Hailey Stokes,hailey_stokes58@cruz.net,(961) 872-6264
52426,Dejuan Herman,dejuan.herman26@elza.org,382.810.0513
26040,Kaelyn Bailey,kaelyn_bailey2@roxane.org,1-939-869-0475
37499,Verner Baumbach,verner_baumbach33@keeley.name,(656) 625-2995 x878
12253,Jennyfer Will,jennyfer.will@alice.net,1-845-630-2622
73285,Kole Marvin,kole82@bart.org,1-485-826-3265 x9546
35481,Cedrick Crooks,cedrick.crooks@amelie.info,1-361-961-7294 x9227
11625,Ruben Hammes,ruben.hammes92@isabella.biz,1-761-295-1514
90327,Jesse Collins,jesse.collins7@adam.name,962.376.8124 x36679
32071,Alexandrine Yundt,alexandrine_yundt83@hellen.name,(562) 407-7902 x1787
19398,Watson Koepp,watson.koepp19@arlene.info,1-541-431-1904 x776
7979,Eino Gulgowski,eino.gulgowski@mayra.net,530.491.2859 x3666
2694,Suzanne Toy,suzanne35@jany.biz,(876) 480-9565 x0363
67481,Leila Roberts,leila38@karl.net,1-548-904-9092
50601,Abagail Dicki,abagail4@alfonso.com,(702) 302-7736 x33192
76670,Odie Walsh,odie26@kyla.biz,1-812-277-0626 x1202
21404,Jaunita Lesch,jaunita.lesch@devan.biz,1-294-214-2810 x50058
36760,Dagmar Kihn,dagmar.kihn74@leonor.info,512.342.0730 x54964
29793,Bria Mertz,bria.mertz@gregory.com,279-604-6965 x4002
34427,Laurianne Quigley,laurianne.quigley@niko.name,546.459.5190
83614,Antone Thompson,antone78@rickie.net,(256) 587-0213
80588,Lisandro Senger,lisandro36@wallace.biz,998.715.9555
63608,Jack Cremin,jack.cremin74@edgardo.biz,(228) 893-5789 x40626
17748,Trudie Kunde,trudie.kunde36@rodolfo.name,995-485-9977
88647,Pascale Goyette,pascale_goyette43@marcellus.net,(689) 860-9962 x184
3347,Kris Gutkowski,kris_gutkowski50@dawson.net,450-812-2005
35017,Nikita Walsh,nikita.walsh@hyman.com,1-977-574-1481 x463
74450,Deja Beier,deja.beier@kenyon.biz,545.711.9502 x659
43793,Guido Jacobson,guido_jacobson44@nelson.com,1-354-973-1156 x140
24943,Renee O'Conner,renee.oconner35@genoveva.com,930-757-2849
18113,Chandler Nader,chandler_nader66@bart.biz,588-435-1415
79868,Joesph Pollich,joesph.pollich@lamont.info,499-442-1323 x0395
96626,Noelia Wyman,noelia_wyman@leatha.name,466.354.8550
62517,Monserrat Wolff,monserrat_wolff@roy.name,(460) 421-2931
28704,Natasha Klocko,natasha_klocko@dora.name,322.255.9517 x0574
16250,Axel Hilll,axel8@magdalen.biz,1-598-826-5158
33697,Lane Dickinson,lane.dickinson2@aliya.com,1-372-466-2906 x9044
345,Trey Grimes,trey.grimes@jordi.com,322.355.6097
49332,Lauren Runolfsson,lauren_runolfsson@michel.org,744.488.9398 x4155
54547,Hershel Dooley,hershel66@lynn.org,389.336.3773
95728,Haylie Schiller,haylie_schiller64@nathen.com,1-503-879-6645
53095,Gianni Gerlach,gianni.gerlach@al.com,(654) 322-3305 x12623
38814,Kiarra Pagac,kiarra48@margarett.org,935.348.8203
56592,Ayla Adams,ayla7@ada.org,1-855-513-9297 x62820
78372,Meagan Keeling,meagan_keeling@justina.info,256.396.1551 x073
74510,Ryan Hayes,ryan_hayes@elisha.name,1-301-552-8544
581,Mossie Yost,mossie_yost44@lawrence.info,784.461.4787 x3147
53402,Nona Jaskolski,nona.jaskolski@holly.name,878-838-5076 x6933
50411,Leonora Wiegand,leonora_wiegand@federico.biz,828.953.6838 x256
23512,Noble Wisoky,noble18@creola.net,299-440-1976 x8992
73353,Ariane Koch,ariane.koch@franz.org,715-668-8414 x83409
68517,Shyann Haley,shyann_haley97@mylene.net,795.482.5645 x259
35028,Marina Friesen,marina23@wilmer.name,617.353.5357 x237
47234,Jovany Tremblay,jovany91@xander.com,1-724-211-4535
85660,Samantha Senger,samantha_senger@jordy.com,1-877-314-0758 x458
91077,Aisha Connelly,aisha_connelly@dayton.info,1-364-725-8413 x92651
6111,Malvina Jakubowski,malvina82@glenna.info,403-716-3275
80502,Lenny Huel,lenny40@abbey.name,764-492-6726
8055,Arno Morissette,arno85@alexandria.info,884.498.0797
56393,Keyon Prohaska,keyon43@davonte.org,1-280-331-2590 x877
52485,Damon Pacocha,damon_pacocha@vince.biz,(326) 760-5505
91547,Dario Langosh,dario_langosh@blair.name,(418) 246-5901
15224,Marshall Wuckert,marshall_wuckert66@leonie.org,1-796-952-8661
7427,Werner Mueller,werner.mueller@murl.org,276-676-7738
82767,Blaze Kling,blaze86@hermann.com,1-265-633-9499 x53221
11194,Alvena Satterfield,alvena.satterfield20@salvatore.com,994.731.7581 x21371
82068,Macy Johns,macy_johns16@dejon.org,1-929-257-1251 x6289
53989,Dimitri McKenzie,dimitri_mckenzie@ursula.name,425-656-7577 x543
27739,Ferne Jacobs,ferne_jacobs@waylon.biz,(888) 559-6610 x7755
32294,Cruz Romaguera,cruz45@helene.com,1-475-365-2828 x85811
61209,Michelle Emard,michelle75@judah.org,972.705.4025
46271,Theron Nienow,theron.nienow90@reese.info,371-609-7331
55254,Ethan Feeney,ethan.feeney@royal.net,431.883.4958
70322,Brain Parker,brain_parker72@marisa.org,308.782.6018 x07070
9085,Mattie Quitzon,mattie15@dixie.biz,(392) 941-3286
2911,Axel Herzog,axel7@kirk.name,1-373-482-5648
93127,Chandler Marvin,chandler_marvin12@alvina.org,593.319.5923
98365,Vernice Ritchie,vernice.ritchie98@ladarius.org,370.221.2762
58228,Misty Abernathy,misty.abernathy@deon.com,1-645-992-1917 x75543
60547,Tobin Rippin,tobin_rippin@felipe.name,(456) 330-0942 x9628
88756,Kitty Howe,kitty_howe82@meda.info,271-839-2606 x564
82631,Delta Flatley,delta.flatley@gaston.biz,452.455.7628 x0137
14062,Bettye Smitham,bettye.smitham@destany.com,1-896-729-9480 x887
62714,Maureen Bahringer,maureen35@schuyler.name,(614) 761-4754 x01880
18153,Willis Wisozk,willis42@elsa.com,1-984-713-4978 x48645
19876,Francis Hessel,francis11@albina.info,1-979-301-9118
4270,Grant Schmitt,grant.schmitt33@gianni.info,(554) 371-5439
47129,Eden Kertzmann,eden_kertzmann@lisa.org,319.699.6438
23909,Kane Legros,kane.legros@destin.info,452-407-0658
58128,Arnulfo Yost,arnulfo_yost@general.biz,708-390-2653
80460,Eve Zulauf,eve.zulauf@natalia.com,(936) 985-2686 x8197
17298,Isobel Marquardt,isobel92@carolanne.biz,1-370-241-3215
20996,Jalyn Lindgren,jalyn.lindgren87@isaac.net,451-378-3801 x16559
11066,Sabrina Wisozk,sabrina.wisozk83@vicky.com,(355) 235-7771
2102,Gaetano Bins,gaetano_bins49@abagail.info,(941) 227-6840
33207,Jamel Bahringer,jamel_bahringer50@macie.name,934-907-5858 x96173
75978,Bell Marvin,bell.marvin38@evans.name,1-650-583-7695 x6896
61959,Melba Bode,melba.bode82@lynn.name,783-456-0073 x7474
89438,Ashley Bednar,ashley79@carley.org,1-514-731-2656 x2402
73237,Trystan Reichert,trystan26@kailee.biz,(539) 537-3125
89192,Lucious Huel,lucious_huel@joseph.biz,1-791-311-9900 x6633
3539,Addie Koelpin,addie90@neha.com,566-229-7681
75666,Noel Denesik,noel96@rebekah.com,(356) 525-2229
24966,Alanna Schmeler,alanna_schmeler27@mya.com,1-234-268-6581
37463,Vance Reinger,vance.reinger96@emanuel.org,1-759-633-4477
88661,Verlie Rice,verlie.rice3@ferne.biz,1-591-836-2126 x66799
9800,Timmy Christiansen,timmy_christiansen@adrianna.net,938-715-5527 x09506
29406,Brock Becker,brock_becker94@lulu.name,1-510-867-3967 x283
10897,Larry Torp,larry.torp@joany.biz,873.555.0619 x1077
16434,Shawna Goodwin,shawna.goodwin47@delphine.info,1-449-585-4649 x8722
16182,Leonard Muller,leonard_muller52@michel.org,988-806-8293 x17788
72045,Kathlyn Lebsack,kathlyn_lebsack64@jordi.info,220.529.6486
91500,Jordon Barrows,jordon41@sadie.info,595.905.8219 x03485
96884,Dulce Bauch,dulce59@dion.com,200.391.1431
30734,Braeden Kuvalis,braeden_kuvalis16@aleen.org,(975) 649-5072
45815,Judd Hand,judd_hand@eulah.biz,891.941.9597 x59704
79376,Dorcas Haag,dorcas_haag63@lane.com,290-680-1506
25334,Evalyn Cummerata,evalyn_cummerata@tabitha.com,893.621.8767 x315
67015,Tyrel Flatley,tyrel84@esta.name,268-903-1426
62782,Koby Waters,koby.waters@bridgette.net,1-443-378-7820 x83487
25371,Forrest Quigley,forrest.quigley48@crystel.net,541.574.0693
67056,Keagan Hauck,keagan47@garret.info,962.544.2280
32903,Donavon Heathcote,donavon.heathcote@rhett.info,(818) 740-7582 x461
89564,Tillman Auer,tillman_auer@darlene.name,849-303-4967 x46748
73853,Chadrick Daugherty,chadrick_daugherty43@florence.biz,1-424-354-2750
35793,Melissa Wisoky,melissa67@unique.net,373.646.7102 x7710
3400,Josephine Schmitt,josephine_schmitt58@nedra.biz,(315) 316-2289
33131,Emery Beer,emery43@malinda.info,1-430-265-1440 x43505
57010,Johan Nitzsche,johan25@christopher.org,893.875.1838 x487
70721,Felton Pollich,felton_pollich@micah.info,712.440.1496
41187,Asha MacGyver,asha.macgyver40@hailee.name,375-831-6773 x07007
91352,Audra Hessel,audra_hessel51@susan.com,1-322-370-9799
13195,Sanford Bergstrom,sanford_bergstrom11@drew.net,1-762-327-8804
3092,Ismael Buckridge,ismael.buckridge90@porter.biz,218.855.3079 x7409
94466,Aron Bradtke,aron82@leopold.org,(338) 928-4743 x155
21090,Isabel Homenick,isabel_homenick@chance.com,1-830-666-2009
85178,Cleveland Graham,cleveland_graham76@taylor.name,386-353-2212
33240,Issac Metz,issac_metz47@ellen.name,691.796.6642 x330
62236,Lilian Rippin,lilian_rippin57@dario.org,1-556-612-0135 x4578
29271,Geovanny Braun,geovanny.braun@kyle.com,935-555-4051 x95773
99568,Philip O'Conner,philip86@dawson.info,304-858-6150 x50702
57062,Jamey Kautzer,jamey75@dashawn.name,(461) 638-0834
83312,Kaci Homenick,kaci_homenick49@cordie.com,849-999-1342
51911,Orlando Reichert,orlando65@peggie.name,780.929.0291 x5693
46148,Vena Tillman,vena68@claud.com,793.658.6947 x5123
68297,Salvatore Hartmann,salvatore.hartmann32@nicholas.net,1-291-643-3082 x43146
96450,Edwardo Ebert,edwardo79@darrick.biz,466-401-9316
87750,Charlotte Block,charlotte.block@willy.name,434-858-1203
80680,Miracle Koepp,miracle38@delmer.com,941-551-6853
55641,Jesse Jenkins,jesse85@jordane.net,879-223-9466
49658,Mayra Gislason,mayra89@seth.com,1-745-420-6910 x9708
11629,Harvey Weimann,harvey_weimann66@alford.com,(347) 732-5200 x919
81530,Faustino Waters,faustino_waters@karianne.biz,955.352.2314 x6195
48092,Louie Hauck,louie.hauck87@reynold.biz,699.717.5813 x81827
94687,Erika White,erika.white@sister.net,(895) 494-2239
61418,Leta Bernhard,leta45@flossie.biz,1-268-944-3209 x76046
35739,Constantin Cummings,constantin_cummings@randall.net,266.209.8770 x611
99761,Tyrese Blanda,tyrese43@kathryn.net,901-349-1316 x79553
68368,Corine Daugherty,corine.daugherty15@duane.com,1-931-473-6672 x723
83282,Araceli Lynch,araceli.lynch68@annetta.net,319-705-1378
75464,Amiya Osinski,amiya.osinski20@amelia.com,311-561-8164
64190,Ally Nikolaus,ally_nikolaus27@kaleigh.net,1-484-452-5581 x72587
26241,Maymie Mohr,maymie43@grayce.info,454-972-7029 x1119
28083,Rupert Schoen,rupert11@jazmin.com,1-748-395-3499 x96472
18504,Tamara Powlowski,tamara_powlowski87@savanah.info,414-394-8695 x922
41660,Roxanne Hodkiewicz,roxanne_hodkiewicz39@olen.com,(289) 822-1595
55321,Chesley Cassin,chesley55@rod.name,231-299-7239 x8243
450,Pansy Zboncak,pansy11@carli.com,592.477.7858
10884,Jaleel Johnston,jaleel_johnston43@mckenzie.net,809.656.5285 x63808
42053,Enos Schmitt,enos_schmitt@mossie.biz,610-874-5238
28330,Korey Satterfield,korey31@maddison.biz,558.633.3541
40077,Jayson Fadel,jayson_fadel87@clay.org,1-437-599-5155
52706,Jean Ullrich,jean.ullrich@augusta.biz,543.583.6025 x351
88676,Bradford Runolfsdottir,bradford52@gerhard.com,374.672.3314 x591
24361,Katelynn Dietrich,katelynn91@keyon.biz,435-318-1578
23443,Arielle Yundt,arielle_yundt@beaulah.org,942-470-2953
34199,Damon Baumbach,damon.baumbach67@timmothy.info,466-478-9015 x3057
69349,Dax Cruickshank,dax.cruickshank26@sydnie.name,1-558-495-4095
47782,Bryana Carroll,bryana.carroll@lauren.biz,1-717-376-0955
16523,Francesco Steuber,francesco59@lionel.name,247-408-4050
20457,Jada Wyman,jada_wyman@tyra.com,(286) 955-8422
12503,Genesis Leuschke,genesis.leuschke8@michel.biz,547.796.8831
6296,Carmella Shanahan,carmella10@may.net,1-377-420-4758 x45809
90679,Braden Hessel,braden_hessel@devin.com,313-976-8273
61139,Rosamond Fadel,rosamond.fadel@jocelyn.info,637-268-6224
94578,Dulce Torp,dulce66@linda.info,709.679.7979 x752
5352,Miguel Kutch,miguel_kutch@clemmie.biz,(365) 816-0661
21241,Sophia Simonis,sophia2@franco.net,457.247.0942 x401
19099,Nelle Effertz,nelle42@brianne.org,(854) 292-9698 x058
47835,Marlen Purdy,marlen.purdy@samanta.biz,1-928-585-6248 x10626
49550,Mona Zboncak,mona50@nico.info,1-573-592-6412 x405
36568,Nathen Buckridge,nathen0@brigitte.net,(656) 615-4786 x38684
25064,Annetta Kirlin,annetta_kirlin92@halie.info,(240) 982-7113 x348
24210,Lela Murphy,lela.murphy@julianne.biz,1-651-410-5729
87313,Demetris Sawayn,demetris_sawayn@stanley.org,612.347.2676 x40797
76653,Belle O'Kon,belle0@sheridan.biz,1-978-381-5908
50752,Pearl Zulauf,pearl23@kayleigh.net,346.730.1580 x93579
40994,Marian MacGyver,marian98@mohamed.name,(917) 490-1947 x70298
61392,Leland Bednar,leland_bednar@uriah.com,610-739-8805 x6578
92271,Lamont Lakin,lamont_lakin39@blaise.com,1-832-375-0621 x4128
28628,Imogene Bailey,imogene.bailey14@ezekiel.name,(737) 547-3967 x964
86579,Juwan Schroeder,juwan_schroeder79@providenci.com,362-726-4575
10495,Arden Runolfsdottir,arden52@edmond.com,(562) 833-0625
37069,Yessenia Hand,yessenia.hand@nina.net,1-752-529-7871 x1518
84166,Jeremy Wiza,jeremy.wiza@eleonore.name,1-913-329-3980 x3559
67545,Delores Gusikowski,delores.gusikowski@armani.net,(589) 945-0973 x58024
93344,Moshe Batz,moshe_batz@cynthia.org,(622) 235-3250 x02057
60221,Harmony Vandervort,harmony_vandervort@marjorie.net,(410) 410-9764 x89920
79126,Miguel Wisozk,miguel.wisozk@allison.info,252.397.7097 x2637
13812,Cecilia Erdman,cecilia.erdman@nickolas.org,1-722-400-9564 x2497
1593,Jevon Schmidt,jevon_schmidt@leanna.info,397.546.0648
1153,Terrance Thompson,terrance93@chaim.net,1-431-353-3051
83827,Lilliana Murray,lilliana.murray@dariana.com,1-317-516-5070 x835
17148,Raoul Tremblay,raoul_tremblay56@corene.net,458.237.9560 x0291
98497,Newell Wilkinson,newell.wilkinson93@carolyne.com,579-784-5917
22761,Ronaldo Lakin,ronaldo_lakin24@liliana.net,1-709-681-7428
20283,Helga Stoltenberg,helga.stoltenberg53@newell.biz,735-417-8551
63959,Arjun Crist,arjun_crist37@ellis.com,1-635-896-4573
35654,Jessie Kassulke,jessie_kassulke@alicia.info,742-927-3841 x47433
57199,Elouise Dach,elouise.dach80@johnpaul.name,1-347-308-7268 x554
25570,Lenore Schiller,lenore.schiller@joe.net,606-624-9483
16368,Buford McCullough,buford.mccullough@cathryn.name,1-359-508-5041
25522,Jarvis Satterfield,jarvis.satterfield@agnes.name,(309) 897-5076 x7381
58414,Oceane Jacobson,oceane.jacobson@marina.biz,1-390-848-7806
82758,Sofia Bednar,sofia_bednar17@cleta.com,(537) 210-4770 x5047
89816,Easter McKenzie,easter_mckenzie8@vernie.name,(248) 828-5448 x32893
53849,Verner Klocko,verner_klocko@cristopher.com,966.492.1316 x195
6008,Natalie Bernhard,natalie.bernhard97@tremayne.net,486.341.1301 x683
28798,Vance Kuhlman,vance_kuhlman@nadia.com,838-420-4913
51031,Amani Cole,amani_cole@itzel.net,(846) 841-1724
66179,Maximus Gleichner,maximus_gleichner76@hannah.info,657-273-1133
2126,Marques Aufderhar,marques_aufderhar@lew.name,(639) 711-2291 x113
81872,Alexanne Kihn,alexanne.kihn@destany.net,285-243-4090 x587
37828,Eulalia Herman,eulalia98@jennings.org,1-322-366-9520 x625
55932,Brody Jerde,brody79@ella.com,(557) 388-7117 x59278
16206,Madyson Abernathy,madyson.abernathy@sterling.name,363.613.1206 x61984
18972,Wanda Hermann,wanda.hermann36@aniya.net,(675) 921-6510 x67047
55937,Cleve Streich,cleve21@conner.name,464.483.7074 x524
27161,Kiarra Anderson,kiarra57@montana.org,557-559-1523
94980,Evans Hartmann,evans95@juvenal.org,1-800-961-4189 x523
33410,Celia Herzog,celia_herzog@adrianna.org,330.484.5521 x1369
5044,Kelton Trantow,kelton51@marcelino.net,(616) 212-9492
75341,Alysson Oberbrunner,alysson.oberbrunner64@berniece.name,531.316.5623 x908
42342,Rosalinda Wilderman,rosalinda_wilderman@ryleigh.net,1-515-223-5926 x78682
61131,Merle Doyle,merle.doyle@greta.name,769.874.4336
88019,Felipa Mayer,felipa.mayer@mabelle.net,864-821-2811 x86773
68254,Karolann Mertz,karolann89@petra.name,(882) 307-1984 x356
24189,Westley Romaguera,westley98@rickey.com,1-892-507-7960 x21126
48605,Willard Watsica,willard48@wiley.info,1-259-233-1567 x61125
8604,Christy Kertzmann,christy.kertzmann16@maximo.net,714-382-3164 x1644
87784,Kris Bahringer,kris42@margie.org,849-484-3649
4000,Susie DuBuque,susie.dubuque@obie.name,668.622.5245 x2353
18206,Cloyd Ondricka,cloyd.ondricka61@ryley.biz,1-496-596-6047 x64649
45960,Isai Farrell,isai.farrell30@destin.org,423-855-3356 x05261
33298,Jayda Cartwright,jayda23@leon.biz,636.963.8384 x18924
89961,Nya Powlowski,nya1@carmella.name,426-640-3544 x8620
32331,Maverick Stokes,maverick.stokes32@monique.net,(896) 585-5617 x71259
12156,Conor Borer,conor17@rowena.com,(523) 735-4590 x29748
43667,Clinton Bechtelar,clinton_bechtelar19@keith.net,(512) 603-4098 x1078
35079,Creola Veum,creola.veum63@nikolas.net,624.357.9990 x7196
81182,Dante Wolf,dante77@faustino.biz,824.341.8923 x244
12718,Lucile Spinka,lucile.spinka@damaris.name,1-515-212-5501
37783,Jena Marquardt,jena.marquardt@jarrell.info,(745) 264-4264 x4496
29630,Genevieve Bins,genevieve_bins@everardo.info,588.855.5647
97635,Liliana Lehner,liliana.lehner83@dejuan.biz,1-548-432-9181
64176,Jakob Stoltenberg,jakob.stoltenberg81@bradly.biz,(902) 646-1213
97476,Rupert Dickens,rupert_dickens4@damien.name,349-551-7597 x7541
17075,Marcelo Rippin,marcelo_rippin@frederik.info,1-916-710-9069 x8749
51222,Jess Murray,jess_murray85@webster.name,(849) 708-8228 x9547
18171,Dillon Hackett,dillon.hackett49@estell.biz,916.772.9913
47006,Gerard Beer,gerard_beer36@dixie.com,1-345-722-2782
19585,Alvah Waelchi,alvah.waelchi34@breanne.org,201-659-7477 x8508
4020,Oliver Larson,oliver.larson@mariela.info,(349) 458-7428
58166,Hortense Schmeler,hortense.schmeler@rupert.name,1-838-829-7027
70187,Kamryn Ratke,kamryn9@keshaun.info,909.633.9728 x9790
61934,Alycia Buckridge,alycia37@lew.info,(676) 623-7233 x338
91198,Sabryna Thompson,sabryna_thompson30@eve.info,1-769-381-3637 x16435
73454,Amber Bogan,amber.bogan@eldora.biz,1-358-387-4080
1665,Kip Mante,kip87@ruth.name,238-928-7374 x412
85286,Antonette Runolfsdottir,antonette_runolfsdottir@jailyn.net,(892) 322-3147 x29681
21181,Jamir Schmeler,jamir.schmeler@tod.biz,324-211-0947 x86307
42860,Elda Champlin,elda.champlin96@emiliano.com,675.302.2093
45661,Georgette Huel,georgette22@reinhold.biz,(831) 364-7395
98643,Danial Hudson,danial.hudson52@duane.info,(980) 846-9735
14590,Imogene Haag,imogene43@melyna.biz,(595) 902-7800 x0448
70053,Fay Torp,fay_torp44@rowan.biz,316.879.4159 x11738
56130,Guillermo Leuschke,guillermo_leuschke33@dakota.biz,(372) 738-4581 x7931
53754,Rafael Daniel,rafael.daniel@tanner.org,(617) 701-0681
66836,Cornelius Mitchell,cornelius_mitchell80@lemuel.biz,1-818-638-1324 x3935
60710,Brittany Metz,brittany.metz98@lisa.name,378-872-1408 x856
78494,Norbert Metz,norbert.metz@lucious.name,221-508-1838 x10086
52940,Glennie Wyman,glennie.wyman17@kameron.info,1-496-316-5385 x39309
522,Berry Dickinson,berry.dickinson@raoul.com,(399) 544-6009 x7672
56023,Darrick Schmitt,darrick_schmitt@thurman.info,(415) 851-2410 x98979
73141,Garth Crist,garth_crist@angus.biz,(976) 617-0664
48167,Neha Rosenbaum,neha10@tyrique.com,1-650-818-4786
19262,Marilie Walter,marilie_walter76@jamil.org,406.880.1386 x04253
92697,Norene Harvey,norene64@cecile.org,672-778-6166
93396,Mozelle Corkery,mozelle39@erwin.net,(573) 773-0831 x43220
35561,Craig Emmerich,craig69@max.com,356.390.1490 x23798
40763,Carroll Mayert,carroll.mayert21@alysa.info,629-609-4392 x0808
21587,Dulce Hoppe,dulce_hoppe@xavier.info,371.289.8954 x4479
11024,Lilian Krajcik,lilian34@leonardo.biz,591-950-6189
28521,Alexys Maggio,alexys.maggio@lorenz.net,685-242-6910 x2495
59458,Kian Stiedemann,kian.stiedemann@mackenzie.name,287-530-2035 x16157
83463,Lilian Torphy,lilian7@joaquin.name,1-898-700-0343
94627,Cassidy Roob,cassidy_roob@zechariah.org,639-713-4947 x17883
3899,Demarcus Cummerata,demarcus_cummerata36@haskell.net,1-205-426-7873
93366,Lonie Kassulke,lonie_kassulke91@fredrick.com,785.551.9917
49075,Antonio Simonis,antonio.simonis20@laverne.biz,522.352.8493
6019,Edd Davis,edd8@lou.name,578.667.0396 x2567
98556,Jackeline Beer,jackeline_beer70@gina.biz,585-505-2079
82529,Afton Carroll,afton_carroll@jerrod.name,(649) 413-9994 x4753
38206,Deontae Schaefer,deontae.schaefer@lyla.name,519.888.4796 x207
36879,Matilde Heller,matilde.heller9@nicolette.name,286-588-1736 x7070
2738,Jeremy Terry,jeremy.terry40@alysa.com,1-433-733-7350
58059,Derrick Feest,derrick.feest49@viva.com,(282) 764-2263 x241
71281,Anabel Herzog,anabel_herzog0@gracie.name,701-946-7509
4289,Cyrus Cartwright,cyrus.cartwright12@flavie.info,652.540.1241 x326
11249,Jerome Hamill,jerome_hamill@mateo.biz,1-631-272-8130 x039
99226,Noah Ziemann,noah.ziemann71@janis.com,810-883-3259
39825,Lucy Larson,lucy_larson24@rebeka.net,490.325.8245
65878,Liana Luettgen,liana_luettgen@shad.com,1-872-788-2902 x132
71396,Keara Lehner,keara20@brandyn.net,849-742-2300
86619,Jerad Huels,jerad.huels94@sim.info,(332) 228-2802 x410
50831,Lacy Monahan,lacy.monahan99@shanelle.com,1-654-624-3177
98621,Tamia Schmeler,tamia38@jarret.net,961.429.0435 x18559
10258,Claudie Raynor,claudie.raynor@dejon.name,1-506-901-9232
45370,Ulices Wintheiser,ulices.wintheiser85@martina.com,1-283-956-6464
66415,Mason Schulist,mason.schulist@earline.org,1-667-836-7480
7994,Lambert Mayert,lambert_mayert34@retha.info,677.422.8685 x653
20563,Onie Bahringer,onie_bahringer87@evan.biz,856.445.6782 x707
15462,Godfrey Weissnat,godfrey15@linnie.net,701-686-7200 x33246
14395,Oral Hilpert,oral3@abby.biz,706-807-9658 x445
85113,Hassan Runolfsdottir,hassan_runolfsdottir@bailee.com,1-511-429-5195 x5582
39743,Dejon Rosenbaum,dejon6@merl.org,(941) 942-4040 x83318
82810,Terrell Nolan,terrell68@euna.com,(303) 465-6304
80415,Eryn Dare,eryn46@josh.info,904.632.8975
87518,Amelie Gusikowski,amelie_gusikowski17@gunnar.biz,1-446-602-4377 x77985
26184,Kristopher Kuhlman,kristopher.kuhlman48@wanda.name,1-808-678-5806 x3371
73559,Noemy Gaylord,noemy_gaylord43@penelope.name,772.939.8608
15965,Berniece Waters,berniece_waters53@benedict.net,1-653-934-1275
94181,Braeden Rau,braeden.rau42@jean.biz,950.250.2159 x19173
58257,Oda Herzog,oda.herzog@gennaro.net,(540) 343-2519
32888,Karli Zulauf,karli.zulauf79@adriana.org,625-316-0127
50300,Dorothy O'Kon,dorothy.okon@antonette.biz,373.995.6958 x4697
70014,Oren Schroeder,oren92@josiah.org,1-492-365-7463 x89903
31500,Luella Keebler,luella.keebler@maximo.net,775-384-5546 x5311
63999,Velda Ullrich,velda20@oran.name,516-634-1722
40269,Elinor Moen,elinor_moen52@flossie.info,1-812-343-3921
71555,Justen Rippin,justen_rippin62@janice.info,1-365-417-3744 x20942
32223,Daisha Kohler,daisha5@elvera.biz,(452) 784-9536
35796,Gardner Kessler,gardner.kessler17@tiara.net,644.495.7128
16886,Greg Fisher,greg40@henriette.biz,488-925-8266
18522,Alva Ziemann,alva.ziemann47@brenda.org,473-418-6287
75210,Halle Conroy,halle34@ari.net,766-256-5893 x925
5319,London Zulauf,london.zulauf37@izaiah.com,273.503.1680 x432
78713,Gregg Flatley,gregg_flatley2@andre.com,563.790.0702 x279
50307,Rosario Gerlach,rosario.gerlach@joshua.org,1-741-754-2256 x0224
85952,Ora Kilback,ora20@lauriane.name,1-968-943-4013 x163
32569,Joanne Bashirian,joanne98@carissa.org,1-815-306-5880
21557,Lavinia Macejkovic,lavinia_macejkovic24@caitlyn.net,1-428-581-5024 x4370
31192,Alysa Jast,alysa_jast@claudia.info,1-345-897-9765 x73396
30430,Dakota Osinski,dakota15@clara.info,850.627.1785 x6903
91600,Aglae Heller,aglae_heller14@melany.info,776.447.9590 x9711
54344,Ericka Kiehn,ericka.kiehn@destinee.com,1-436-535-0245 x1590
55992,Violet Heller,violet.heller45@richard.net,1-540-250-9905 x978
91987,Fatima Dickens,fatima.dickens61@queen.org,764-518-8107 x45595
2071,Lee Hoeger,lee0@stephon.biz,626-203-4275
11383,Reid O'Hara,reid.ohara@bryana.name,664.987.2398 x6077
54280,Brianne Brakus,brianne.brakus@ari.info,(774) 206-4268 x1104
1155,Cydney Homenick,cydney_homenick1@brooklyn.com,1-781-762-7560 x305
37946,Jonathan Beahan,jonathan57@lonnie.net,1-722-890-7277
38008,Dandre Harvey,dandre_harvey5@jalon.name,315-908-1042 x1198
81615,Oren Hirthe,oren.hirthe@jabari.com,(337) 488-0436 x2043
87715,Eloise Friesen,eloise_friesen@francesco.net,(996) 567-8255
69519,Wilma Marquardt,wilma.marquardt27@erika.name,1-754-255-4542 x217
22186,Janelle Borer,janelle.borer65@tyree.org,(509) 298-6411
72005,Jadon Stroman,jadon67@rickie.org,1-277-252-1021
75657,Ola Lynch,ola54@buck.net,1-258-251-0530 x8728
49603,Nayeli Renner,nayeli83@gunner.org,1-602-330-4781 x4346
32414,Gene Robel,gene.robel50@albina.org,(910) 564-4046 x20379
86028,Pierre Schmidt,pierre.schmidt15@grant.info,(858) 891-2198
22119,Cali Jacobson,cali.jacobson29@kara.org,(441) 912-5991 x910
26766,Marlon Lindgren,marlon_lindgren@brendon.net,643-501-8760 x499
2587,Fatima Kilback,fatima.kilback57@jeffrey.info,1-634-776-0073 x4738
43202,Claudia Rodriguez,claudia18@abdul.net,809-826-8248
64695,Axel Cruickshank,axel.cruickshank@adella.net,336-288-2268 x89771
57731,Verdie Mitchell,verdie.mitchell30@alena.info,1-772-527-6695 x0431
9899,Hans Runte,hans96@jettie.com,(808) 601-1656 x19179
26704,Brandyn Reichel,brandyn46@theodora.com,677-485-4476
73388,Geovanny Rowe,geovanny.rowe67@eleonore.net,914-393-3229 x1274
75731,Torrance Zemlak,torrance.zemlak@zella.net,594-712-8866 x99462
40307,Felicita Ledner,felicita.ledner@adolph.biz,933.513.8877
44955,Boyd Walter,boyd57@lucious.com,932.446.0250 x752
40292,Allison Hartmann,allison53@wilford.com,705-266-1356 x962
80771,Mozell Doyle,mozell.doyle@jerrod.name,(462) 302-6427 x3064
42822,Rosemary Macejkovic,rosemary.macejkovic@lizzie.info,843.602.7082 x61958
9719,Cyrus Upton,cyrus75@devyn.biz,1-442-786-0294 x21271
97029,Dashawn Ortiz,dashawn80@lonnie.com,285.334.8011 x19969
58613,Jorge Maggio,jorge42@adolfo.com,1-516-914-5985 x95217
15616,Valerie Schultz,valerie_schultz@antonette.name,(706) 923-2251 x0714
55273,Hunter Ortiz,hunter.ortiz@dolores.org,(351) 646-7856 x699
79315,Arlo Buckridge,arlo86@dan.com,652-411-2655 x9782
89987,Mertie Torp,mertie_torp55@alicia.com,892-656-6953 x195
62396,Madie Mayer,madie.mayer35@giles.net,501.973.2682 x704
70575,Craig Durgan,craig35@jaron.net,339.662.6451 x13999
26527,Florian Klein,florian.klein0@raphael.biz,1-230-373-5052
60444,Wanda Yost,wanda.yost@chanelle.info,(714) 854-9287 x6324
88426,Agustina Howell,agustina40@alfreda.com,(673) 776-1015 x833
74686,Retta Harris,retta.harris@dedrick.name,484.785.8144 x669
32593,Leslie Olson,leslie.olson4@susana.com,558.236.1012 x36666
24053,Myron Klein,myron84@alec.name,852-906-8474 x8033
84518,Desiree Little,desiree61@cleora.info,847-804-1823 x01969
18010,Aryanna McKenzie,aryanna_mckenzie30@carlo.name,338.887.3953
12209,Shayne Homenick,shayne_homenick@ronny.org,(205) 405-7812 x525
15078,Kevon McLaughlin,kevon_mclaughlin@efren.net,475.389.4603 x315
53713,Bennie Gutkowski,bennie_gutkowski43@titus.com,(689) 527-3384 x7651
54869,Adolf Bernhard,adolf_bernhard43@dion.com,1-904-540-4182
87707,Israel Corwin,israel12@virgil.info,317.870.9628
13115,Cordell Mayer,cordell.mayer@armando.com,791.307.7345
93558,Alicia Doyle,alicia41@geovanni.info,(787) 516-8961
89408,Guiseppe Maggio,guiseppe_maggio@bonnie.net,624.295.9027
33424,Merritt Rogahn,merritt58@kelley.name,414.670.5984 x9068
27175,Rylan Wilkinson,rylan_wilkinson@jensen.info,428.832.8956
4278,Gwen Ullrich,gwen77@vinnie.name,710-571-8327
19331,Travis Kemmer,travis.kemmer@marilie.biz,296.232.9292 x89834
57596,Kurtis Reynolds,kurtis.reynolds99@montana.info,(585) 735-1079
24969,Grant Stamm,grant48@darrin.com,960-970-4563
18547,Jammie Bechtelar,jammie_bechtelar17@howard.net,655-662-1885
66859,Evert O'Kon,evert.okon@alia.net,363.511.0671 x497
1929,Rosamond MacGyver,rosamond84@claudia.org,438.897.5307 x755
28150,Sammie Fadel,sammie88@itzel.info,(851) 638-6999 x367
76238,Zita Dicki,zita.dicki@ansel.com,442-985-4456
54558,Kenneth Fadel,kenneth66@felton.name,1-447-222-6298
2394,Lincoln Thiel,lincoln.thiel30@leila.name,921-255-0967 x605
85863,Jewel Rippin,jewel87@laurine.name,241.826.1018 x92363
961,Eloy Bode,eloy34@deborah.net,(280) 357-0276
68904,Chandler Welch,chandler_welch56@abe.com,1-238-782-1303 x4609
88781,Mariela Durgan,mariela46@alverta.info,1-504-868-9661 x47586
30241,Frederique Harris,frederique_harris39@patrick.name,433-544-7458 x18479
93715,Webster Hettinger,webster.hettinger@gerry.net,672-725-8636 x98603
91461,Drew Berge,drew.berge83@isaias.org,625-235-6229 x0473
73243,Annette Rutherford,annette_rutherford@lamar.biz,263.698.8571 x6419
16641,Angelina Lesch,angelina_lesch@randi.name,(573) 576-3081
1455,Jacky Flatley,jacky_flatley95@emanuel.biz,727.625.3937 x0183
31264,Aniya Ryan,aniya.ryan58@gustave.name,532.865.4503
87502,Chase Cassin,chase57@merle.info,(621) 647-4918 x8012
91416,Robbie Green,robbie.green95@germaine.biz,813-743-4251 x43436
69317,Sydney Graham,sydney_graham40@maximus.biz,376-653-4820 x517
79550,Declan Murazik,declan96@amani.org,(356) 372-0083
46263,Litzy Wintheiser,litzy_wintheiser29@laurianne.biz,1-951-877-5840 x132
40193,Norwood Schulist,norwood_schulist97@mathilde.biz,672-569-8882 x2670
16576,Mireya Deckow,mireya8@ladarius.biz,1-547-741-2918
73147,Zoila Langworth,zoila.langworth51@jo.name,937-459-4060
94669,Lonie Cremin,lonie.cremin63@domenica.net,963-414-4550
43839,Afton Erdman,afton.erdman81@danny.com,456.574.6498
80923,Chauncey Deckow,chauncey_deckow@mya.info,1-200-784-0290 x0713
98285,Ruthe Johnson,ruthe48@adell.name,698.422.8407 x976
17050,Betsy Glover,betsy_glover82@wilburn.biz,494-564-1266
24279,Deion Lind,deion.lind@barbara.org,(548) 345-7232 x9677
68433,Kari Johns,kari.johns@kaia.net,661.845.8275 x4975
86471,Bertrand Lueilwitz,bertrand34@abby.info,225-778-7476 x66444
2412,Elliot Ryan,elliot46@brendan.org,(897) 224-3467 x54582
54993,Urban Collins,urban.collins@madilyn.info,1-725-715-7486
22818,Camila O'Conner,camila_oconner@madelyn.name,(750) 779-3439 x73279
50490,Allene Keeling,allene_keeling24@edgardo.net,1-365-260-2051
49080,Christopher Schinner,christopher.schinner@christop.com,1-274-736-1180
50435,Fredrick Cummerata,fredrick.cummerata@bert.name,1-419-721-9027 x515
16562,Noelia Bartoletti,noelia18@eryn.info,681.580.1365 x94130
87126,Jennifer Heathcote,jennifer.heathcote@nicola.com,459.874.7356 x5414
10898,Edmund Tromp,edmund.tromp@savion.info,1-315-345-4526 x0958
40911,Silas Terry,silas57@nickolas.biz,959-447-7586
98822,Cali Beatty,cali.beatty26@madaline.biz,679.933.0117 x36198
40055,Ronny Lemke,ronny.lemke2@lorine.org,939.278.0871
6617,Florencio Bayer,florencio.bayer46@salvatore.org,363.433.7736 x4595
54333,Dasia Kling,dasia6@madyson.info,348.494.1010 x1112
47919,William Gutmann,william.gutmann4@toy.org,897.980.3838
82585,Adella Morar,adella66@aileen.org,899.826.1426 x857
70688,Rowan Gaylord,rowan_gaylord@brent.biz,593.905.6579 x89003
56950,Armand Schneider,armand_schneider43@rahul.biz,(336) 237-5857 x803
97320,Shyanne Fadel,shyanne_fadel80@ulices.biz,616-933-5497 x1769
12056,Giovanna Williamson,giovanna.williamson@flossie.name,308.657.8208
69758,Enrique Bode,enrique.bode62@kirsten.org,1-809-875-4565
81434,Devin Collins,devin.collins85@cleora.biz,971.464.1580 x589
30246,Ashlynn Leuschke,ashlynn.leuschke39@isadore.name,(874) 829-4498 x203
40203,Braulio Satterfield,braulio1@noah.net,642.442.5423
98340,Mattie Abernathy,mattie90@marietta.net,(584) 522-0280
37036,Zita Metz,zita.metz@charles.com,917.687.1332 x950
11891,Janelle Wehner,janelle43@berta.com,320-253-3488 x290
35432,Mariam Wuckert,mariam.wuckert@floyd.net,918.491.5945 x85773
7565,Robb Von,robb_von94@deanna.biz,1-874-971-2017 x81268
12353,Trent Windler,trent49@wendy.name,263-793-5740 x9546
10359,Trystan Daniel,trystan.daniel73@enos.net,475.348.8865 x6766
21079,Andreane Welch,andreane_welch@octavia.com,1-743-682-6906 x050
84919,Chloe Schaden,chloe_schaden@alberto.com,1-684-696-5787
96145,Rogelio Frami,rogelio.frami32@rafael.net,827-855-0055 x5890
29585,Ryley VonRueden,ryley23@lucius.net,370.674.0744 x698
43667,Sharon Bartoletti,sharon.bartoletti84@carol.name,436-984-5343 x44104
25728,Arlene Kunze,arlene_kunze3@alexandria.net,422-330-6808
59228,Daphney Greenholt,daphney_greenholt81@bette.org,365-987-8091
28999,Andrew Zieme,andrew_zieme27@hassie.net,1-521-955-5006 x9463
49071,Torrey Murray,torrey.murray@frankie.biz,(976) 909-3116
23662,Jace Gutkowski,jace_gutkowski18@hardy.net,1-272-785-7237 x691
83618,Priscilla McClure,priscilla_mcclure@retta.com,700-841-4643
71018,Pedro Raynor,pedro.raynor@jacinthe.name,779.871.3693 x60880
8115,Russ Parisian,russ43@mathew.org,944.787.5734 x928
40226,Maryse Schmeler,maryse34@mabel.biz,599.652.0244 x20921
4453,Gay Parisian,gay_parisian56@dashawn.name,999.365.0238 x230
30463,Thalia Walker,thalia.walker50@keanu.org,539.424.8793 x3148
14765,Jalon Abernathy,jalon.abernathy@lucious.info,1-940-467-3280
1072,Deven Skiles,deven.skiles3@niko.info,395.473.8971 x58539
84852,Ashton Crooks,ashton_crooks@jasper.com,249.977.8466 x37048
31042,Oliver Wintheiser,oliver_wintheiser72@aurelie.net,351.547.8020
86204,Samara Toy,samara.toy@chaim.org,(883) 572-9093 x23649
98890,Justice Mraz,justice.mraz43@evie.org,903.399.0357 x77816
7211,Carmen Jenkins,carmen43@reina.org,1-931-245-5043 x661
83645,Willie Bogisich,willie42@nicklaus.org,797.496.4012 x127
97264,Johnathan Wisoky,johnathan_wisoky@rosendo.com,922-728-1260
11082,Alfredo Hintz,alfredo61@idell.com,(569) 519-0173
67185,Meda Dickinson,meda_dickinson69@erna.biz,(946) 425-2720
61347,Miller Rohan,miller.rohan25@carrie.org,(228) 385-4621 x7907
65137,Deshaun Rosenbaum,deshaun82@dorthy.info,255-672-6173
42674,Rickie Kihn,rickie_kihn87@jonathon.org,630.861.5530 x4373
32956,Name Russel,name63@myra.info,705-204-0403 x1239
62609,Eddie Hickle,eddie_hickle30@gordon.org,(556) 877-6297
75958,Narciso Hilll,narciso.hilll88@vivienne.name,754-981-5824
4956,Johnpaul Powlowski,johnpaul.powlowski47@vita.info,684-944-9910
88685,Robin Reinger,robin.reinger@danial.net,1-534-690-8394 x308
32420,Griffin Gusikowski,griffin.gusikowski14@nettie.name,750.978.4047
54860,Doug Schmeler,doug_schmeler7@florian.info,410.960.0243
84670,Armand O'Connell,armand.oconnell10@ignacio.biz,(860) 468-8492 x5218
6053,Alec Cummerata,alec_cummerata@oren.org,827.819.8353 x461
30766,Dock Cronin,dock_cronin57@rex.biz,355.781.1250
50289,Mabelle Lubowitz,mabelle.lubowitz@americo.info,794.453.9812 x425
85546,Shea Casper,shea80@luigi.com,1-214-319-8777 x7211
11804,Stephan Ankunding,stephan.ankunding@rashawn.org,969-439-9222 x85190
2534,Elena Watsica,elena_watsica@adelia.biz,1-980-804-9180 x862
84267,Tristin Anderson,tristin84@selina.biz,1-330-436-6694 x72389
767,Justina Beer,justina3@jermaine.info,(682) 636-3708 x082
7499,Michale Altenwerth,michale92@dahlia.org,496.543.7828 x911
94281,Stanton Wuckert,stanton91@cara.info,455-772-2344 x70546
67294,Rosa Schuppe,rosa.schuppe@reilly.net,311.745.1489
7122,Kadin Rolfson,kadin99@donnell.org,376.277.7819
35288,Jerome Lehner,jerome42@armani.name,(605) 478-4088
70678,Wallace Grady,wallace4@ernesto.info,1-802-247-4422 x274
77166,Luigi Zulauf,luigi_zulauf@deborah.biz,1-974-501-8981 x528
46320,Melba Gorczany,melba87@carlotta.net,1-503-537-7975 x69703
39093,Elinor Breitenberg,elinor58@jessyca.biz,206.483.8468 x710
15486,Micah Schoen,micah.schoen@adolph.com,678.474.4319 x375
97488,Demond Bednar,demond.bednar@fernando.net,467-778-4501 x95683
